{
    "answers": {
        "phase": "architecture",
        "action":  "code management",
        "scope":"backend", 
        "action experience":  3, 
        "prog lang": "n/a", 
        "other prog lang": "<fill in>",
        "aimodel": "chatgpt",
        "aimodel version": "3.5",
        "lmstudio-hosted aimodel": "<fill-in>",
        "tool option": "online free",
        "experience with tool":  3,
        "time allocated (h)": "0.2",
        "time saved estimate (h)": "0.4", 
        "quality of ai help":  2,
        "knowledge acquired":  2,
        "generic feeling - now": 2,
        "generic feeling - future":  4,
        "threat level":  2, 
        "notes": "<fill in>"
    }
}