{
    "answers": {
        "phase": "architecture", 
        "action": "microservices definition",
        "scope":  "uml component",
        "action experience":  2,
        "prog lang": "n/a",
        "other prog lang": "<fill in>",
        "aimodel": "chatgpt",
        "aimodel version": "4",
        "lmstudio-hosted aimodel": "<fill-in>",
        "tool option": "online free",
        "experience with tool":  3,
        "time allocated (h)": "0.3",
        "time saved estimate (h)": "1", 
        "quality of ai help":  4,
        "knowledge acquired":  4,
        "generic feeling - now": 2,
        "generic feeling - future":  4,
        "threat level":  2, 
        "notes": "<fill in>"
    }
}