{
    "answers": {
        "phase": "coding",
        "action": "code management",
        "scope": "frontend",
        "action experience": 3,
        "prog lang": "js-node",
        "other prog lang": "<fill in>",
        "aimodel": "chatgpt",
        "aimodel version": "4o",
        "lmstudio-hosted aimodel": "<fill-in>",
        "tool option": "online free",
        "experience with tool": 4,
        "time allocated (h)": 0.5,
        "time saved estimate (h)": 2, 
        "quality of ai help": 3,
        "knowledge acquired": 3,
        "generic feeling - now": 3,
        "generic feeling - future": 5,
        "threat level": 3,
        "notes": "<fill in>"
    }
}