{
    "answers": {
        "phase":  "coding",
        "action": "source code authoring",
        "scope": "api",
        "action experience":  2,
        "prog lang": "js-node",
        "other prog lang": "<fill in>",
        "aimodel": "chatgpt",
        "aimodel version": "4o",
        "lmstudio-hosted aimodel": "<fill-in>",
        "tool option": "online free",
        "experience with tool":  3,
        "time allocated (h)": 0.5,
        "time saved estimate (h)": 0.5,
        "quality of ai help":  3,
        "knowledge acquired":  3,
        "generic feeling - now":  3,
        "generic feeling - future":  4,
        "threat level":  2, 
        "notes": "<fill in>"
    }
}