{
    "answers": {
        "phase": "deployment",
        "action": "container structuring",
        "scope": "container configuration",
        "action experience": 0,
        "prog lang":"yaml/json",
        "other prog lang": "<fill in>",
        "aimodel": "chatgpt", 
        "aimodel version": "chatgpt4o",
        "lmstudio-hosted aimodel": "<fill-in>",
        "tool option": "online free",
        "experience with tool": 3,
        "time allocated (h)": 1,
        "time saved estimate (h)": 2, 
        "quality of ai help": 3,
        "knowledge acquired": 2,
        "generic feeling - now":  3,
        "generic feeling - future":  4,
        "threat level":  2,
        "notes": "<fill in>"
    }
}