{
    "answers": {
        "phase": "architecture",
        "action": "api design",
        "scope": "uml component",
        "action experience": 2,
        "prog lang": "n/a",
        "other prog lang": "<fill in>",
        "aimodel": "chatgpt",
        "aimodel version": "GPT4",
        "lmstudio-hosted aimodel": "<fill-in>",
        "tool option": "online free",
        "experience with tool":  3,
        "time allocated (h)": "0.1",
        "time saved estimate (h)": "0.2", 
        "quality of ai help":  2,
        "knowledge acquired":  1,
        "generic feeling - now":  2,
        "generic feeling - future":  4,
        "threat level":  2,
        "notes": "<fill in>"
    }
}